id,legislator_id,twitter,facebook,youtube_id,twitter_id,youtube,instagram,instagram_id
A000055,A000055,Robert_Aderholt,RobertAderholt,UC71CAgpg1gbLTew_pfTneGA,76452765,RobertAderholt,,
A000148,A000148,RepAuchincloss,,,1330278736554582016,,,
A000369,A000369,MarkAmodeiNV2,MarkAmodeiNV2,UCjOGx2iqSn1r3BQxaVgYhYw,402719755,markamodeinv2,MarkAmodeiNV2,
A000370,A000370,RepAdams,CongresswomanAdams,UCPI9ao1Cr1nxEUD2r-usRjQ,2916086925,,repadams,
A000371,A000371,RepPeteAguilar,reppeteaguilar,UCxwbFLOlKDsXrwizV5jah7g,3018670151,,,
A000372,A000372,RepRickAllen,CongressmanRickAllen,UCZPoYXHFDAV17BGLMzGAmpg,2964287128,,Rep_RickAllen,1666787116
A000375,A000375,RepArrington,JodeyArrington,,816284664658874368,,repjodeyarrington,
A000376,A000376,RepColinAllred,,,1078355119920562176,,,
A000377,A000377,RepArmstrongND,,,1080515866255593472,,,
A000378,A000378,RepCindyAxne,,,1080865917377097728,,,
B000490,B000490,SanfordBishop,sanfordbishop,UCxF9veLBrkr_CqVq5eFYVGg,249410485,RepSanfordBishop,,
B000574,B000574,BlumenauerMedia,,UCuziVoKuGn7feNA5VrpxsBQ,137823987,RepBlumenauer,,
B000575,B000575,RoyBlunt,SenatorBlunt,UCFeLRzjhThTmaWzuh5qjpGA,21269970,SenatorBlunt,royblunt,21185436
B000668,B000668,RepBentz,,,1345788865911656454,,,
B000740,B000740,RepBice,,,1344260196227555334,,,
B000755,B000755,RepKevinBrady,kevinbrady,UC6Ng0uMQEBVgXO_HF0NbfXA,19926675,KBrady8,repkevinbrady,337613850
B000825,B000825,RepBoebert,,,1342989756611907584,,,
B000944,B000944,SenSherrodBrown,SenatorSherrodBrown,UCgy8jfERh-t_ixkKKoCmglQ,43910797,SherrodBrownOhio,,
B001135,B001135,SenatorBurr,SenatorRichardBurr,UCOLLZpp-1womBSFDV2uLfag,21157904,SenatorRichardBurr,senatorburr,
B001223,B001223,RepBowman,,,1344389506963808264,,,
B001224,B001224,RepCori,,,1002630999052865536,,,
B001230,B001230,SenatorBaldwin,senatortammybaldwin,UC_XjYCRbbI2_TDDjJidwk0Q,1074518754,witammybaldwin,senatorbaldwin,
B001236,B001236,JohnBoozman,JohnBoozman,UC9vWHKL5OfIYh6kIV0rF2yw,5558312,BoozmanPressOffice,johnboozman,
B001243,B001243,MarshaBlackburn,marshablackburn,UCvNnmu5mUm7xr8QXBlbtQ9w,278145569,RepMarshaBlackburn,marshablackburn,
B001248,B001248,MichaelCBurgess,michaelcburgess,UCvvO8lo-Nkc31cEEElqQvQw,15751083,michaelcburgessmd,repmichaelburgess,
B001251,B001251,GKButterfield,congressmangkbutterfield,UCbodCVgLfcbaep49L1M-mqA,432676344,GKBNC01,,
B001257,B001257,RepGusBilirakis,GusBilirakis,UC2z1uu1n4-60xXs5x1mvLJw,26051676,RepGusBilirakis,gusbilirakis,
B001260,B001260,VernBuchanan,CongressmanBuchanan,UCY4DEy41NxOTdcF8_XAVZvw,20467163,vernbuchanan,repvern,344865327
B001261,B001261,SenJohnBarrasso,johnbarrasso,UC80PfiCAB2Fe1MFayWlR6GQ,202206694,barrassowyo,,
B001267,B001267,SenatorBennet,senbennetco,UCXB3cljpMwTyCUyLr2ZVLow,224285242,SenatorBennet,SenBennetCO,
B001270,B001270,RepKarenBass,RepKarenBass,UCQZg7oxkV3Yag2emYPLhT2g,239949176,RepKarenBass,,
B001274,B001274,RepMoBrooks,RepMoBrooks,UCgsPSY0MpuQJq8vEqYUSt-g,237299871,RepMoBrooks,,
B001275,B001275,RepLarryBucshon,RepLarryBucshon,UC0bIliQs0LKZabNwvZ3gnhQ,234812598,RepLarryBucshon,,
B001277,B001277,SenBlumenthal,SenBlumenthal,UCHH-fn3_LVt0Q4od56rOi5g,278124059,SenatorBlumenthal,,
B001278,B001278,RepBonamici,congresswomanbonamici,UC0IkAeEiwgzSRTD1TDSvuBw,558769636,RepSuzanneBonamici,RepBonamici,
B001281,B001281,RepBeatty,RepJoyceBeatty,UCtVl3kb7Xvt3pY7l6x-M6LA,1531521632,,repbeatty,554027718
B001282,B001282,RepAndyBarr,RepAndyBarr,UCVL2s6x7f7H0ZJ-uwU0pQ6Q,1089334250,RepAndyBarr,,
B001285,B001285,RepBrownley,RepJuliaBrownley,UCFrC4Ouk5R6xQztS9PZin_A,1243902714,RepJuliaBrownley,,
B001286,B001286,RepCheri,RepCheri,UCrkOYuIsVeb4dvKeeO7jnaA,1092979962,RepCheri,,
B001287,B001287,RepBera,RepAmiBera,UClJCTCo53Zk6b4kUL-bbdzg,950783972,repamibera,,
B001288,B001288,SenBooker,,UC6FlymqNS1VettnVZa7goPA,2167097881,SenCoryBooker,,
B001291,B001291,RepBrianBabin,RepBrianBabin,UCPVEZgw-VbDRbLV1MRGVQNQ,2929491549,,,
B001292,B001292,RepDonBeyer,RepDonBeyer,UCPJGVbOVcAVGiBwq8qr_T9w,2962868158,,repdonbeyer,
B001295,B001295,RepBost,RepBost,UCYA1psY06vSf3QadHuCrmjQ,2964877294,,,
B001296,B001296,CongBoyle,CongressmanBoyle,UCMP_Anj7lz4eZuSh8GwFqQQ,4304448314,,,
B001297,B001297,RepKenBuck,repkenbuck,UCHK7Wcwij7NoxXGTeSHUWzg,2862577383,,repkenbuck,
B001298,B001298,RepDonBacon,RepDonBacon,UCR9abI1lZzAZ6HwQXc-dLFQ,818975124460335106,,RepDonBacon,
B001299,B001299,RepJimBanks,RepJimBanks,UC_FR6TySW9uxvhjozkis6Xg,816131319033950208,,repjimbanks,
B001300,B001300,RepBarragan,CongresswomanBarragan,,816833925456789505,,repbarragan,
B001301,B001301,RepJackBergman,RepJackBergman,,815241612154417152,RepJackBergman,RepJackBergman,
B001302,B001302,RepAndyBiggsAZ,RepAndyBiggs,UCqSq9kWOxk9yNTeILBCVC1w,816652616625168388,,repandybiggs,
B001303,B001303,RepLBR,Rep.BluntRochester,,817050219007328258,,,
B001304,B001304,RepAnthonyBrown,RepAnthonyBrown,,823552974253342721,RepAnthonyBrown,RepAnthonyBrown,
B001305,B001305,RepTedBudd,RepTedBudd,,817138492614524928,,,
B001306,B001306,RepBalderson,,,1037341536592310272,,,
B001307,B001307,RepJimBaird,,,1086316494450032640,,,
B001309,B001309,RepTimBurchett,,,1028854804087492613,,,
B001310,B001310,SenatorBraun,,,1080870981877534720,,,
B001311,B001311,RepDanBishop,repdanbishop,,1176522535531360257,,,
B001312,B001312,RepBourdeaux,,,1343620645452595200,,,
B001313,B001313,RepShontelBrown,,,1456381091598700556,,,
C000059,C000059,KenCalvert,70063393423,UC5MEj7YOX_QdKoqD_HRxP3A,22545491,RepKenCalvert,repkencalvert,
C000127,C000127,SenatorCantwell,senatorcantwell,UCN52UDqKgvHRk39ncySrIMw,117501995,SenatorCantwell,,
C000141,C000141,SenatorCardin,senatorbencardin,UCiQaJnMzlfzzG3VESgyZChA,109071031,senatorcardin,senatorcardin,
C000174,C000174,SenatorCarper,tomcarper,UCgLnvbKwu4B3navofj6Qvvw,249787913,senatorcarper,,
C000266,C000266,RepSteveChabot,RepSteveChabot,UCJpzm2DZDE1B6ruQLQc7q4g,237750442,congressmanchabot,repstevechabot,481906395
C000537,C000537,WhipClyburn,jameseclyburn,UCIyU_UA_JEa14gvAwhquKqg,188019606,repjamesclyburn,,
C000754,C000754,RepJimCooper,JimCooper,UCjplyIIQbNZcl013AyDfPNg,22523087,RepJimCooper,repjimcooper,1037212884
C000880,C000880,MikeCrapo,mikecrapo,UCMHzKHg1BE7dEcFjnayw1lA,600463589,senatorcrapo,mikecrapo,329357214
C001035,C001035,SenatorCollins,susancollins,UC6GYaBx5kT2r4PN8KENxC-w,19726613,SenatorSusanCollins,sensusancollins,
C001039,C001039,RepKatCammack,,,1344325638983987201,,,
C001047,C001047,SenCapito,senshelley,UCbiXdR4XQ3vD9Xp5lfR9QXw,193794406,,sencapito,1640447624
C001051,C001051,JudgeCarter,judgecarter,UC9pkaOrhPfouzkJ8oAdI-1w,18030431,repjohncarter,judgecarter,456560563
C001053,C001053,TomColeOK04,TomColeOK04,UCvqzPm_YnNkfEHpm3SEMJMQ,23124635,reptomcole,TomColeOK04,
C001054,C001054,RepJerryCarl,,,1341091420439015424,,,
C001055,C001055,RepEdCase,,,1081350574589833221,,,
C001056,C001056,JohnCornyn,sen.johncornyn,UCyQwLQavlOaJ64YuY_VMtiQ,13218102,senjohncornyn,,
C001059,C001059,RepJimCosta,RepJimCosta,UCVgXX23eJEai6GiBOKO6dvA,245451804,RepJimCostaCA20,,
C001061,C001061,RepCleaver,emanuelcleaverii,UCVC-7CLFjXczoihr5FxDLsw,163570705,repcleaver,,
C001063,C001063,RepCuellar,152569121550,UCVgEOdJx3tyILO9EjZ-heEQ,210926192,henrycuellar,,
C001066,C001066,USRepKCastor,USRepKathyCastor,UC_irxhmLqVenTFPxDxznG6g,1880674038,RepKathyCastor,,
C001067,C001067,RepYvetteClarke,repyvettedclarke,UC8SuQiuL2P9fUHAxuRoTdUQ,240812994,repyvetteclarke,repyvettedclarke,
C001068,C001068,RepCohen,CongressmanSteveCohen,UC_NJlnsOBjOameUwZk0rvsA,162069635,repcohen,,
C001069,C001069,RepJoeCourtney,joecourtney,UCGVIfe1T2hO1Lx7ap5Wkv1w,85396297,repcourtney,repjoecourtney,
C001070,C001070,SenBobCasey,SenatorBobCasey,UCtVssXhx-KuZa-hSvnsnJ0A,171598736,SenatorBobCasey,senbobcasey,
C001072,C001072,RepAndreCarson,CongressmanAndreCarson,UCprUnnEgM2VUGmAKSaZXCSw,199325935,repandrecarson,repandrecarson,
C001075,C001075,SenBillCassidy,,UCCEyGhUzxgkxFzWCY-rxz8g,1017500185356853248,SenatorBillCassidy,,
C001078,C001078,GerryConnolly,CongressmanGerryConnolly,UC4WG9PlmoOeSLIuyVjs-RSA,78445977,repconnolly,,
C001080,C001080,RepJudyChu,RepJudyChu,UCfcbYOvdEXZNelM8T05nK-w,193732179,RepJudyChu,,
C001084,C001084,RepCicilline,CongressmanDavidCicilline,UC3sCl46o8hYP69LnidNltuw,462143773,RepDavidCicilline,,
C001087,C001087,RepRickCrawford,RepRickCrawford,UCLKAkVl4BHRK73lmDiIgPYg,233693291,RepRickCrawford,reprickcrawford,389864684
C001088,C001088,ChrisCoons,senatorchriscoons,UC2lOVbsddn1HIkcDnmCw6tA,15324851,senatorchriscoons,senatorchriscoons,25194715
C001090,C001090,RepCartwright,CongressmanMattCartwright,UCnAOvexSGLBnYidaFzguhTQ,776664410,,repmattcartwright,
C001091,C001091,JoaquinCastrotx,326420614138023,UCsRxWnFdRiV2od1O5v5nEeQ,231510077,JoaquinCastroTX,joaquincastrotx,378492005
C001095,C001095,SenTomCotton,SenatorTomCotton,UCXEk6mokWBajIpNatbjnwSg,968650362,RepTomCotton,,
C001096,C001096,SenKevinCramer,CongressmanKevinCramer,UCqUPdO9XaAW-dvwwXKbIVdA,1048784496,kevincramer,repkevincramer,
C001097,C001097,RepCardenas,repcardenas,UCm6ug1-yvYGL0F6DvYxfFBA,1222257180,repcardenas,repcardenas,1483357690
C001098,C001098,SenTedCruz,SenatorTedCruz,UCOTZ-6H1rri1lSsj6IzhUyw,1074480192,sentedcruz,,
C001101,C001101,RepKClark,CongresswomanClark,UCgaI52w7QKI8LtkSeCCmSuw,2293131060,,repkclark,
C001103,C001103,RepBuddyCarter,congressmanbuddycarter,UCHQm49T6ikD_ioMAt50AwKQ,2973870195,,,
C001104,C001104,RepCawthorn,,,1344007696555663360,,,
C001108,C001108,RepJamesComer,congressmancomer,,1274852794206388225,,congressmancomer,
C001109,C001109,RepLizCheney,replizcheney,UCvL57Zp99QdDllF-KGziUAA,816719802328715264,,,
C001110,C001110,RepLouCorrea,RepLouCorrea,UCIKJJp4QJIDjnjodc23qKkw,815985039485837312,,reploucorrea,
C001112,C001112,RepCarbajal,repsaludcarbajal,,816157667882373120,repcarbajal,repcarbajal,
C001113,C001113,SenCortezMasto,SenatorCortezMasto,UCip_83SiKUqwnUT57VOXrCg,811313565760163844,,,
C001114,C001114,RepJohnCurtis,RepJohnCurtis,UChAQ4MD-HigmGnImSoAKBVA,931614483050414080,,repjohncurtis,
C001115,C001115,RepCloudTX,,,1039879658400112640,,,
C001116,C001116,Rep_Clyde,,,1357017361568694274,,,
C001117,C001117,RepCasten,,,1083472286089396224,,,
C001118,C001118,RepBenCline,,,1072158357237174272,,,
C001119,C001119,RepAngieCraig,,,1080222360643485698,,,
C001120,C001120,RepDanCrenshaw,,,1080894931311431682,,,
C001121,C001121,RepJasonCrow,,,1080191866509901826,,,
C001125,C001125,RepTroyCarter,,,1352760304271241218,,,
C001126,C001126,RepMikeCarey,,,1457745193197780993,,,
D000032,D000032,RepDonaldsPress,,,1343968646050283522,,,
D000096,D000096,RepDannyDavis,CongressmanDKDavis,UCdhrT09_XMr31tuI8OcKsjQ,789244177,dannykdavis07,,
D000191,D000191,RepPeterDeFazio,RepPeterDeFazio,UCIF3HunhsVgTv7L2grnq2Rg,252249233,PeterDeFazio,,
D000197,D000197,RepDianaDeGette,DianaDeGette,UCWFQCRTHwsHg9P1Hf-EQtew,28599820,RepDianaDeGette,,
D000216,D000216,RosaDeLauro,CongresswomanRosaDeLauro,UC9ROfGBm7kSLCEDYwFF6McQ,140519774,rosadelauro,,
D000399,D000399,RepLloydDoggett,lloyddoggett,UCN-kiLKyHPcfRVZ28sAHS_g,153944899,doggett,replloyddoggett,
D000482,D000482,USRepMikeDoyle,usrepmikedoyle,UCni9vINmgerEeVXhKCC9qbA,39249305,CongressmanDoyle,,
D000563,D000563,SenatorDurbin,SenatorDurbin,UCkbixlNCxcKAffEhe3X5-lw,247334603,SenatorDurbin,,
D000600,D000600,MarioDB,mdiazbalart,UCpEEd0Plxx5D78pI4a4mFTQ,37094727,MarioDiazBalart,repmariodb,316477657
D000615,D000615,RepJeffDuncan,RepJeffDuncan,UC1tuXL6ymImdpKYGEAH83QA,240393970,congjeffduncan,repjeffduncan,382897929
D000616,D000616,DesJarlaisTN04,ScottDesJarlaisTN04,UCvjuSLoi3hS0ECQvJLhwOkA,235312723,ScottDesJarlaisTN04,desjarlaistn04,260930821
D000617,D000617,RepDelBene,RepDelBene,UCd00b7TpKDZIr-Ujhaktvjg,995193054,,repdelbene,
D000618,D000618,SteveDaines,SteveDainesMT,UC-ny-W5mEUGytiyMdXbQ20Q,11651202,SteveDainesMT,stevedaines,371125857
D000619,D000619,RodneyDavis,RepRodneyDavis,UCiGPTfpwRxqQp0Bam5S8zwA,993153006,RepRodneyDavis,reprodneydavis,
D000622,D000622,SenDuckworth,SenDuckworth,UCYRWRvUxtjaHnFMCbdd94tg,1058520120,repduckworth,SenDuckworth,1387939090
D000623,D000623,RepDeSaulnier,RepMarkDeSaulnier,,2968007206,,repdesaulnier,
D000624,D000624,RepDebDingell,RepDebbieDingell,UCnoP3KLT-HOvzDfC1-I-9lQ,2970279814,,repdingell,
D000626,D000626,WarrenDavidson,CongressmanWarrenDavidson,UCMzuyZWzk44YRNesFzPTeUw,742735530287304704,,instawarrendavidson,
D000627,D000627,RepValDemings,RepresentativeValDemings,UCkcshqwFNJG6XeduOforhig,798973032362606600,,repvaldemings,
D000628,D000628,DrNealDunnFL2,drnealdunnfl2,UCRTGfrYP-RuDzJ2KGok7TRA,815952318487298048,,,
D000629,D000629,RepDavids,,,1080516116395499522,,,
D000631,D000631,RepDean,,,567508925,,,
E000071,E000071,RepEllzey,,,1366523868253458437,,,
E000215,E000215,RepAnnaEshoo,RepAnnaEshoo,UCjRvhco2d59GBgA78IIIaYQ,249348006,RepAnnaEshoo,RepAnnaEshoo,
E000294,E000294,RepTomEmmer,reptomemmer,,2914515430,RepTomEmmer,reptomemmer,1565640999
E000295,E000295,SenJoniErnst,senjoniernst,UCLwrmtF_84FIcK3TyMs4MIw,2856787757,,senjoniernst,1582702853
E000296,E000296,RepDwightEvans,RepDwightEvans,,90639372,,repdwightevans,
E000297,E000297,RepEspaillat,RepEspaillat,UCi0niBYFhEY70Dz8InbX5OQ,817076257770835968,,repadrianoespaillat,
E000298,E000298,RepRonEstes,RepRonEstes,UC2clc28qcehIqotHQcthnWA,854715071116849157,,RepRonEstes,
E000299,E000299,RepEscobar,,,1075517806551154689,,,
F000062,F000062,SenFeinstein,senatorfeinstein,UCtVC--6LR0ff2aOP8THpuEw,476256944,SenatorFeinstein,,
F000246,F000246,RepPatFallon,,,1343258042704527362,,,
F000446,F000446,RepFeenstra,,,1345135363761852416,,,
F000450,F000450,VirginiaFoxx,RepVirginiaFoxx,UCggineJcxJn80TRXxdQbx6w,16256269,repvirginiafoxx,repvirginiafoxx,
F000454,F000454,RepBillFoster,CongressmanBillFoster,UCicixINQr_-3cFHI2bJzFpQ,1080509366,RepBillFoster,,
F000459,F000459,RepChuck,repchuck,UCTtRrJkM-R-f2K0byCMvHgw,235190657,repchuck,,
F000462,F000462,RepLoisFrankel,RepLoisFrankel,UCEk5viAhxaW_2OK20-yBwzQ,1077121945,reploisfrankel,reploisfrankel,
F000463,F000463,SenatorFischer,senatordebfischer,UCrbEfZaG_WhB0PBHI1hefPQ,1071402577,senatordebfischer,senatorfischer,
F000465,F000465,RepDrewFerguson,RepDrewFerguson,UCuK7_j2sREWi_7wBAN477bg,806583915012046854,,repdrewferguson,
F000466,F000466,RepBrianFitz,repbrianfitzpatrick,UCYMNcgHss4_Q5JY2vSvMpgw,816303263586914304,,repbrianfitz,
F000468,F000468,RepFletcher,,,1075904377221722113,,,
F000469,F000469,RepRussFulcher,,,1078741899572240384,,,
F000470,F000470,RepFischbach,,,1344375287484723205,,,
F000471,F000471,RepFitzgerald,,,1004891731,,,
F000472,F000472,RepFranklin,,,1343664721384398849,,,
G000061,G000061,RepMikeGarcia,RepMikeGarcia,,1262531473057423361,,,
G000359,G000359,GrahamBlog,USSenatorLindseyGraham,UClLGZMA5Ei2Z8fR1PLEx6yQ,14845376,USSenLindseyGraham,,
G000377,G000377,RepKayGranger,RepKayGranger,UCsRMtemAkyLh78MPES6gMVQ,161743731,RepKayGranger,repkaygranger,
G000386,G000386,ChuckGrassley,grassley,UCiCPRkcLMInpDeOqGkMTt4w,10615232,senchuckgrassley,senatorchuckgrassley,
G000546,G000546,RepSamGraves,118514606128,UCdg2ybvoHsSW6t7iJnKHlNg,29766367,,repsamgraves,
G000551,G000551,RepRaulGrijalva,Rep.Grijalva,UC8JZLnXS21bhNbcvpoM8O7g,28602948,raulgrijalvaaz07,,
G000552,G000552,RepLouieGohmert,50375006903,UC0HMa6X3iMhMq96kkRLLTog,22055226,GohmertTX01,,
G000553,G000553,RepAlGreen,repalgreen,UCFtgMZm1YUXaZ8OtOj-GDjA,156333623,RepAlGreen,repalgreen,
G000555,G000555,GillibrandNY,SenKirstenGillibrand,UCVEloQogVsmnkd5vxJInmYg,899978622416695297,KirstenEGillibrand,,
G000558,G000558,RepGuthrie,CongressmanGuthrie,UCdJhDw-YbdH0RHfWK0sIfiw,1908143071,BrettGuthrie,,
G000559,G000559,RepGaramendi,repgaramendi,UCRym1qsO72C39gX6pBu4icg,88806753,garamendiCA10,repgaramendi,
G000563,G000563,RepBobGibbs,RepBobGibbs,UC4J-kVbeE32Up-b_wTLEUmA,234822928,RepBobGibbs,repbobgibbs,
G000565,G000565,RepGosar,repgosar,UC5orqw_9acsKWSRbrqTDXBw,240760644,repgosar,REPGOSAR,
G000568,G000568,RepMGriffith,RepMorganGriffith,UCzxqD7EY_Rdvbc0spbaYkJA,234057152,RepMorganGriffith,hmorgangriffith,
G000574,G000574,RepRubenGallego,RepRubenGallego,,2966570782,,reprubengallego,
G000576,G000576,RepGrothman,RepGrothman,UCui4k83Cot4aeVW_8T33fgg,2976606250,,,
G000577,G000577,RepGarretGraves,CongressmanGarretGraves,UCQLg9GGwTDluEFJtXf8seTA,2951574214,,instagravesla,
G000578,G000578,RepMattGaetz,CongressmanMattGaetz,UClqXcJew_A3s8qiX-T4a9CA,818948638890217473,,Congressman_Matt_Gaetz,
G000579,G000579,RepGallagher,RepMikeGallagher,,815966620300480514,,,
G000581,G000581,RepGonzalez,USCongressmanVicenteGonzalez,UC5H6oYLKQ_xIXO5CG7fh4hw,818536152588238849,,repvicentegonzaleztx,
G000582,G000582,RepJenniffer,RepJennifferGonzalezColon,UCZj99h3-GNKjGGeyp7AJeXw,819744763020775425,,,
G000583,G000583,RepJoshG,RepJoshG,,815310506596691968,,RepJoshG,
G000585,G000585,RepJimmyGomez,RepJimmyGomez,,2371339658,,,
G000586,G000586,RepChuyGarcia,,,1082427779583541248,,,
G000587,G000587,RepSylviaGarcia,,,1080587263132733442,,,
G000588,G000588,RepAGonzalez,,,1054381765224210432,,,
G000590,G000590,RepMarkGreen,,,1080477288955826176,,,
G000591,G000591,RepMichaelGuest,,,1081243468327018496,,,
G000592,G000592,RepGolden,,,1080891667308298240,,,
G000593,G000593,RepCarlos,,,1343679195034103808,,,
G000594,G000594,RepTonyGonzales,,,1343627416120532992,,,
G000595,G000595,RepBobGood,,,1345536897838436353,,,
G000596,G000596,RepMTG,,,1344356576786866176,,,
G000597,G000597,RepGarbarino,,,1344349650447433729,,,
H000273,H000273,SenatorHick,,,1318728336923787264,,,
H000601,H000601,SenatorHagerty,,,1346873610875654147,,,
H000874,H000874,LeaderHoyer,WhipHoyer,UCvxgqX65cdhHNjJn64cgY9g,22012091,LeaderHoyer,repstenyhoyer,51616645
H001038,H001038,RepBrianHiggins,RepBrianHiggins,UCSGbv85HaaYYOrPGePtxwag,33576489,CongressmanHiggins,repbrianhiggins,
H001042,H001042,MazieHirono,senatorhirono,UCcoKhxad156flzPYJ8JMFOA,92186819,CongresswomanHirono,maziehirono,304094084
H001046,H001046,MartinHeinrich,MartinHeinrich,UCBxh8IK5sMxY0Ln_0G2NYcg,1099199839,SenMartinHeinrich,senatormartinheinrich,285288987
H001047,H001047,,CongressmanJimHimes,UCCeB6czh6nhCHxOMCk_V4yA,,congressmanhimes,,
H001052,H001052,RepAndyHarrisMD,AndyHarrisMD,UCvUuV7FiJfJi1yux4qozgMg,960962340,RepAndyHarris,,
H001053,H001053,RepHartzler,Congresswoman.Hartzler,UCAvttUz6qBVEJiFt7p_MZxw,237763317,repvickyhartzler,rephartzler,787899303
H001056,H001056,HerreraBeutler,herrerabeutler,UCJEgiA9clfx0amrQUj0aBTQ,242926427,RepHerreraBeutler,herrerabeutler,
H001058,H001058,RepHuizenga,RepHuizenga,UCQPlLLiMnysMmeJ5qUSSjQg,233949261,RepHuizenga,RepHuizenga,
H001061,H001061,SenJohnHoeven,SenatorJohnHoeven,UC1kQIC2Q_Fq9_NRqdb6eHiw,382791093,senatorjohnhoevennd,senjohnhoeven,1237544252
H001066,H001066,RepHorsford,,,389840566,,,
H001067,H001067,RepRichHudson,RepRichHudson,UC9Q1qCvnQR7rHERjTjJl5Pg,935033864,RepRichHudson,,
H001068,H001068,RepHuffman,RepHuffman,UCJU6SP1ppp1ZhSiqZLiFgDA,1071102246,rephuffman,rephuffman,
H001071,H001071,CongressmanHice,CongressmanJodyHice,UCzUMsS8DusN2QLpgweFthgQ,2975091705,,rep_hice,
H001072,H001072,RepFrenchHill,RepFrenchHill,UCT8uWroJtkwSsCJlVg0IKvQ,2953974395,,repfrenchhill,
H001074,H001074,RepTrey,reptrey,UCTgS8a_zLg8HpUnk5WXY5ag,811986281177772032,,,
H001076,H001076,SenatorHassan,SenatorHassan,,946549322,,,
H001077,H001077,RepClayHiggins,CongressmanClayHiggins,,843636970538618880,,RepClayHiggins,
H001079,H001079,SenHydeSmith,,UCJHxkJhGST0NTlkzJHWV03Q,983348251972816896,,sencindyhydesmith,
H001081,H001081,RepJahanaHayes,,,1082086081238102018,,,
H001082,H001082,repkevinhern,,,1067818539179024386,,,
H001084,H001084,RepHerrell,,,1344416719260016641,,,
H001085,H001085,RepHoulahan,,,1052896620797460481,,,
H001086,H001086,RepHarshbarger,,,1345787285179162624,,,
H001089,H001089,SenHawleyPress,,,1080960924687704064,,,
H001090,H001090,RepJoshHarder,,,1080851152151953410,,,
H001091,H001091,RepAshleyHinson,,,1340783304304410625,,,
I000024,I000024,JimInhofe,jiminhofe,UCk3W3ilX8vGG-300qzNpG7w,7270292,jiminhofepressoffice,,
I000056,I000056,repdarrellissa,,,63650107,,,
J000020,J000020,RepJacobs,,,1276232539510919168,,,
J000032,J000032,JacksonLeeTX18,CongresswomanSheilaJacksonLee,UCi_S-mOZaEco2Zb9guf_8Iw,80612021,TX18SJL,,
J000126,J000126,RepEBJ,CongresswomanEBJtx30,UCVKp8BtjW708H4eXJJQgUYw,168502762,RepEddieBJohnson,repebj,
J000288,J000288,RepHankJohnson,115356957005,UCqMici9I7nz_i-PN7eSYjwQ,24745957,RepHankJohnson,rephankjohnson,
J000289,J000289,Jim_Jordan,repjimjordan,UCPFBhS00ivPV585GlnNlyqA,18166778,RepJimJordan,,
J000292,J000292,RepBillJohnson,RepBillJohnson,UCtF08Ay71haDRoJosRN2P_Q,211530910,RepBillJohnson,repbilljohnson,763495818
J000293,J000293,SenRonJohnson,senronjohnson,UCG9XyTVtOAs7VX_q_QVHoaw,233737858,SenatorRonJohnson,senronjohnson,
J000294,J000294,RepJeffries,RepHakeemJeffries,UCYVmbsjoNbQ4j-PCQIYgpWQ,467823431,,,
J000295,J000295,RepDaveJoyce,RepDaveJoyce,UCTu9xz2VYk-jtQv0TVsLyYA,976969338,repdavejoyce,repdavejoyce,360743678
J000298,J000298,RepJayapal,RepJayapal,UCmyD0_-2Oowkfwc_Raghclw,815733290955112448,,repjayapal,
J000299,J000299,RepMikeJohnson,RepMikeJohnson,UCzqBEpeIaDEfvAtsA53Fx2Q,827279765287559171,,RepMikeJohnson,
J000301,J000301,RepDustyJohnson,,,1074782372594413569,,,
J000302,J000302,RepJohnJoyce,,,1082311988926124036,,,
J000304,J000304,RepRonnyJackson,,,1341903465610686464,,,
J000305,J000305,RepSaraJacobs,,,1345103905869455361,,,
J000306,J000306,RepMondaire,,,1345883634046279681,,,
K000009,K000009,RepMarcyKaptur,RepresentativeMarcyKaptur,UCIJUNf22o09nO02oQPLKQ6w,581141508,USRepMarcyKaptur,repmarcykaptur,
K000188,K000188,RepRonKind,repronkind,UC0_BilariURHwSHf9baGykg,112740986,RepRonKind,,
K000367,K000367,SenAmyKlobuchar,,UCvdeJsDsV51tFb_hVqvtYGA,22044727,senatorklobuchar,,
K000368,K000368,RepKirkpatrick,,,1081240074946252801,,,
K000375,K000375,USRepKeating,Congressman.Keating,UC7KPV4xdxO2dms9vl6tETmg,232992031,RepBillKeating,,
K000376,K000376,MikeKellyPA,191056827594903,UCoz6u3ooQxoijsWvhoQ0D-A,935368364,repmikekelly,,
K000377,K000377,SenMarkKelly,SenMarkKelly,,1324926274888888320,,,
K000378,K000378,RepKinzinger,RepKinzinger,UCjDHxyjndxxhjuPWyEBc7UA,219429281,RepAdamKinzinger,,
K000380,K000380,RepDanKildee,RepDanKildee,UC_KpQ-n3IT5dL5ul21XA9Yw,1045110018,RepDanKildee,repdankildee,582887115
K000381,K000381,RepDerekKilmer,derek.kilmer,,1058917562,,,
K000382,K000382,RepAnnieKuster,CongresswomanAnnieKuster,UCYAD_Eti2b5gXSicbgPsBYA,1058717720,RepKuster,,
K000383,K000383,SenAngusKing,SenatorAngusSKingJr,UCpp6lGvrmt0XU_lnD4Ak0gA,1068481578,SenatorAngusKing,,
K000384,K000384,,SenatorKaine,UC27LgTZlUnBQoNEQFZdn9LA,,SenatorTimKaine,,
K000385,K000385,RepRobinKelly,reprobinkelly,UCLhcNPX2nNQLNzwKW0nEykg,1339931490,,reprobinkelly,
K000386,K000386,RepJohnKatko,RepJohnKatko,,2966765501,,,
K000388,K000388,RepTrentKelly,reptrentkelly,UCtDrz-8tdg4ZgOAQHToSWaQ,3317799825,,reptrentkelly,
K000389,K000389,RepRoKhanna,RepRoKhanna,UCr4KOYv1o1oEQhy1jhhm3pQ,816298918468259841,,reprokhanna,
K000391,K000391,CongressmanRaja,congressmanraja,,814179031956488192,,congressmanraja,
K000392,K000392,RepDavidKustoff,RepDavidKustoff,UCK6U4plOKKMrCjv_h59spGQ,816012124505931780,,repdavidkustoff,
K000393,K000393,SenJohnKennedy,JohnKennedyLouisiana,,816683274076614656,,SenJohnKennedy,
K000394,K000394,RepAndyKimNJ,,,1078771848882593793,,,
K000395,K000395,RepFredKeller,CongressmanFredKeller,UC_IluBx9m7HWoNhEYSoPQNQ,1136060761422405633,,repfredkeller,
K000396,K000396,RepKahele,,,1351966874377056257,,,
K000397,K000397,RepYoungKim,,,1344677401465397249,,,
L000174,L000174,SenatorLeahy,SenatorPatrickLeahy,UC46QHVobf7FO-tWehsRoDog,242836537,SenatorPatrickLeahy,senatorleahy,
L000266,L000266,RepLaTurner,,,1345850704800468993,,,
L000273,L000273,RepTeresaLF,,,1345147845926670337,,,
L000397,L000397,RepZoeLofgren,zoelofgren,UCOaQ79adORFcaTuJZoIFuZQ,267938462,RepZoeLofgren,,
L000491,L000491,RepFrankLucas,RepFrankLucas,UCdYZbKY8pkWAThqwC3fdVMg,242772524,RepFrankLucas,,
L000551,L000551,RepBarbaraLee,RepBarbaraLee,UCnRgK2MXAQOUau0JXqseeNA,248735463,RepLee,repbarbaralee,1415801245
L000557,L000557,RepJohnLarson,RepJohnLarson,UCGPsvFF-9WfpdRSCcCrPLiQ,50452197,RepJohnLarson,RepJohnBLarson,
L000559,L000559,JimLangevin,CongressmanJimLangevin,UCQ1sth-7umw1k-fSVqdfRTg,18909919,jimlangevin,,
L000560,L000560,RepRickLarsen,RepRickLarsen,UCMv7LsJtiyO4AJcbRux5CxQ,404132211,congressmanlarsen,repricklarsen,
L000562,L000562,RepStephenLynch,repstephenlynch,UCxL4zG0YWqC5XTO4af_FOgw,310310133,RepLynch,repstephenlynch,
L000564,L000564,RepDLamborn,CongressmanDougLamborn,UCaYsGYMniq4nwBBMKFIwsow,584012853,CongressmanLamborn,douglamborn,
L000566,L000566,BobLatta,boblatta,UCVSBVHoWu-eWnBBQaMKZ_sQ,15394954,CongressmanBobLatta,boblatta,26367713
L000569,L000569,RepBlaine,BlaineLuetkemeyer,UCifiiQclKbBBrkSbCnN6REg,1849261916,BLuetkemeyer,,
L000570,L000570,SenatorLujan,,,19318314,,,
L000571,L000571,SenLummis,,,22831059,,,
L000575,L000575,SenatorLankford,SenatorLankford,UCz8T6sK5fEycyWmVz6Vpe5Q,225921757,SenatorLankford,senatorlankford,1552251018
L000576,L000576,USRepLong,Rep.Billy.Long,UCLQcbyxpHXXAsUJckscQY8g,1444015610,MOdistrict7,,
L000577,L000577,SenMikeLee,senatormikelee,UCplVxs_j_sLAt0fkplXcl4A,88784440,senatormikelee,senmikelee,391361701
L000578,L000578,RepLaMalfa,RepLaMalfa,UCUzz1XDn862fxirervSB2Yw,1069124515,RepLaMalfa,repdouglamalfa,
L000579,L000579,RepLowenthal,RepLowenthal,UC-GgROtn5Hxm1H9a6qvy_Wg,1055730738,RepLowenthal,RepLowenthal,
L000581,L000581,RepLawrence,395759603917487,UCf0USy9GNigkB8O9sS1dodw,2863006655,,repbrendalawrence,
L000582,L000582,RepTedLieu,RepTedLieu,UC9qcJxTqfDNBnVul1IojlFg,3044993235,,RepTedLieu,
L000583,L000583,RepLoudermilk,reploudermilk,UC2Kfw8fjca8k3w3KpzL5tNg,2914163523,,RepLoudermilk,
L000585,L000585,RepLaHood,replahood,UCVRbtFwaBGcixZIkygtalRw,3686482216,,,
L000586,L000586,RepAlLawsonJr,RepAlLawsonJr,,818472418620608512,,,
L000588,L000588,RepConorLamb,RepConorLamb,UC7hX59n_ixS1Bz3f8Je02yA,984456621417000960,,,
L000589,L000589,RepDLesko,RepDebbieLesko,,996094929733652481,,,
L000590,L000590,RepSusieLee,,,1079061579973439488,,,
L000591,L000591,RepElaineLuria,,,1080292515939565568,,,
L000592,L000592,RepAndyLevin,,,1080277407867772930,,,
L000593,L000593,RepMikeLevin,,,1072134139560620033,,,
L000595,L000595,RepJuliaLetlow,,,1382395679700439041,,,
M000087,M000087,RepMaloney,RepCarolynMaloney,,258900199,carolynbmaloney,repmaloney,
M000133,M000133,SenMarkey,EdJMarkey,UCT1ujew5yQy2uMhGrjiKHoA,21406834,RepMarkey,,
M000194,M000194,RepNancyMace,,,1343597700542038017,,,
M000312,M000312,RepMcGovern,RepJimMcGovern,UCpiUqp2ZF64tXqgR_EQo27g,242426145,repjimmcgovern,repmcgovern,
M000317,M000317,RepMalliotakis,,,1344750588026900481,,,
M000355,M000355,McConnellPress,mitchmcconnell,,339822881,,mcconnellpress,
M000639,M000639,SenatorMenendez,senatormenendez,UC0PV0K9Z5a9p3D5917KF5fw,18695134,SenatorMenendezNJ,senatormenendez,433044338
M000687,M000687,RepKweisiMfume,RepKweisiMfume,,1276209702322438148,,,
M000871,M000871,RepMann,,,1345825008887721986,,,
M000934,M000934,JerryMoran,jerrymoran,UC1oRxeUPam6-53wPBZ3N02A,18632666,senatorjerrymoran,senjerrymoran,298271065
M001111,M001111,PattyMurray,,UCb8jq3TvQ3AzKsexhWfFLoA,293131808,SenatorPattyMurray,senpattymurray,426137845
M001135,M001135,RepKManning,,,1337115670161608712,,,
M001136,M001136,RepLisaMcClain,,,1344032292432437248,,,
M001137,M001137,RepGregoryMeeks,gregorymeeksny05,UCljJnwgQS6Z6-NypDyqKJZQ,22812754,gwmeeks,repgregorymeeks,
M001143,M001143,BettyMcCollum04,repbettymccollum,UC3sZJSdiZo2EBHbsOlsnI7A,516880804,BMcCollum04,repbettymccollum,
M001153,M001153,LisaMurkowski,SenLisaMurkowski,UCaigku16AErqvD0wRuwGb9A,18061669,senatormurkowski,senlisamurkowski,
M001156,M001156,PatrickMcHenry,CongressmanMcHenry,UCY3PTRhkSH-eoltxPVZKD-w,27676828,CongressmanMcHenry,reppatrickmchenry,353406473
M001157,M001157,RepMcCaul,michaeltmccaul,UCRw6sGE0PH7_FCeTT3PQRaA,26424123,MichaelTMcCaul,congressman_mccaul,
M001159,M001159,CathyMcMorris,mcmorrisrodgers,UCRp0lwIxAhq2Ia9_YgRWUkg,17976923,mcmorrisrodgers,cathymcmorris,
M001160,M001160,RepGwenMoore,GwenSMoore,UCCs9o1XaSsCsqNpO0iO0_Ew,22669526,RepGwenMoore,RepGwenMoore,
M001163,M001163,DorisMatsui,doris.matsui,UCSqqxVkvskHq3cY2MCbTZsw,38254095,RepDorisMatsui,repdorismatsui,
M001165,M001165,GOPLeader,CongressmanKevinMcCarthy,UCdJUZUFSLJRlUpE-91-6DsA,19739126,repkevinmccarthy,RepKevinMcCarthy,
M001166,M001166,RepMcNerney,jerrymcnerney,UClUOx6F8GKshxGBUBLkisug,385429543,RepJerryMcNerney,,
M001169,M001169,SenMurphyOffice,chrismurphyct,UCbcEa40PIFpLpdDe06n3F3Q,2853793517,senchrismurphy,,
M001176,M001176,SenJeffMerkley,jeffmerkley,UCRoXttCJhMnLVCxCaa6VnNQ,29201047,SenatorJeffMerkley,senjeffmerkley,501463589
M001177,M001177,RepMcClintock,81125319109,UCMh04KC4LfIzKoXh2Xws_pw,50152441,McClintockCA04,,
M001180,M001180,RepMcKinley,RepMcKinley,UCt7BWx4b8ubXa-PneAu103g,240427862,RepDavidMcKinley,,
M001183,M001183,Sen_JoeManchin,JoeManchinIII,UCGyPK_ye2ptpzQgOjKIn7ag,234374703,SenatorJoeManchin,,
M001184,M001184,RepThomasMassie,RepThomasMassie,UCpmXOtvvXC3GE8o9VxYNK7g,975200486,repthomasmassie,,
M001185,M001185,RepSeanMaloney,RepSeanMaloney,UCNiVzzf4Vz-vCMPBcnjGuXQ,1072467470,,repseanpatrickmaloney,
M001186,M001186,RepMeijer,,,1334164871420796928,,,
M001188,M001188,RepGraceMeng,repgracemeng,UCHg516zJKbIBtXFAJ0nu3XQ,1051127714,,,
M001190,M001190,RepMullin,RepMullin,UCLQlm-cbGbJj9baZC6oFsag,1060370282,,,
M001194,M001194,RepMoolenaar,RepMoolenaar,UCnMvVN4a8roZu4crE0UW2DA,2696643955,,RepMoolenaar,
M001195,M001195,RepAlexMooney,CongressmanAlexMooney,UCw9CGkF4Re3areluI43TGyA,2964526557,,repalexmooney,
M001196,M001196,RepMoulton,CongressmanSethMoulton,UC5w5qn7nj5Ljy69LTV7a_fQ,3091316093,,repmoulton,
M001198,M001198,SenatorMarshall,,,1336344005588738052,,,
M001199,M001199,RepBrianMast,repbrianmast,,814103950404239360,repbrianmast,RepBrianMast,
M001202,M001202,RepStephMurphy,RepStephMurphy,,796183515998068736,RepStephMurphy,RepStephMurphy,
M001203,M001203,RepMalinowski,,,1080898026418384897,,,
M001204,M001204,RepMeuser,,,1080574793630527505,,,
M001205,M001205,RepCarolMiller,,,1081318716573470720,,,
M001206,M001206,RepJoeMorelle,,,1064595993222615040,,,
M001208,M001208,RepLucyMcBath,,,1082380458976051202,,,
M001210,M001210,RepGregMurphy,RepGregMurphy,,1173978070535024642,,,
M001211,M001211,RepMaryMiller,,,1343656635907125250,,,
M001212,M001212,RepBarryMoore,,,1339006078688825344,,,
M001213,M001213,RepBlakeMoore,,,1337452596093587462,,,
M001214,M001214,RepMrvan,,,1346205046036377601,,,
M001215,M001215,RepMMM,,,1345807954604412929,,,
N000002,N000002,RepJerryNadler,CongressmanNadler,UCQKj0qU1e7o2f5ftSh-c9aQ,40302336,congressmannadler,,
N000015,N000015,RepRichardNeal,reprichardneal,UCZVtTydu0-MSK6G12GaKA4g,442824717,RepRichardENeal,,
N000026,N000026,RepTroyNehls,,,1347318288850825217,,,
N000147,N000147,EleanorNorton,CongresswomanNorton,UChRrAXUGylfxJjbquC6aUjQ,23600262,EleanorHNorton,,
N000179,N000179,GraceNapolitano,RepGraceNapolitano,UCPWjmiAIR04oQ8QMoOWcDtA,161411080,RepGraceNapolitano,repgracenapolitano,
N000188,N000188,DonaldNorcross,DonaldNorcrossNJ,UC7kXK_PyDiOT8YrdP0jYZHw,3122099613,,donald_norcross,
N000189,N000189,RepNewhouse,RepNewhouse,UCllbsv_aoIaPS6W3aSonZlw,2930635215,,,
N000190,N000190,RepRalphNorman,RepRalphNorman,,880480631108644864,,,
N000191,N000191,RepJoeNeguse,,,1078749802765139968,,,
N000192,N000192,RepMarieNewman,,,1343578440977494018,,,
O000019,O000019,JayObernolte,,,272482466,,,
O000086,O000086,RepBurgessOwens,,,1344481217685692416,,,
O000171,O000171,RepOHalleran,repohalleran,,808416682972770304,,repohalleran,
O000172,O000172,RepAOC,,,1079104563280527364,,,
O000173,O000173,Ilhan,,,1082334352711790593,,,
O000174,O000174,SenOssoff,,,1356714265894408196,,,
P000034,P000034,FrankPallone,repfrankpallone,UCN0_wn9hs1LI3UKkji2PP2A,31801993,repfrankpallone,repfrankpallone,
P000048,P000048,RepPfluger,,,1341120751399809026,,,
P000096,P000096,BillPascrell,pascrell,UCIy1Ru8oA14aRjpq6L3i-EQ,74508260,RepPascrell,,
P000145,P000145,SenAlexPadilla,,,1351236267707654145,,,
P000197,P000197,SpeakerPelosi,NancyPelosi,UCxPeEcH0xaCK9nBK98EFhDg,15764644,nancypelosi,,
P000449,P000449,SenRobPortman,senrobportman,UCwunkd8Zs-yAWKQwnwBp7ew,18915145,SenRobPortman,senrobportman,370356159
P000523,P000523,RepDavidEPrice,RepDavidEPrice,UCtX7bSXBLF9ge-Q955n5Vqw,155669457,RepDavidPrice,repdavideprice,
P000593,P000593,RepPerlmutter,RepPerlmutter,UCJXuMAzxngpEvDdvlE6wS5g,20552026,RepPerlmutter,,
P000595,P000595,SenGaryPeters,SenGaryPeters,UC7LYNbnKSK2VZqQ98YROWHQ,236511574,RepGaryPeters,sengarypeters,1640246681
P000597,P000597,ChelliePingree,ChelliePingree,UCLKaWFM7I84WcreDRhhhkVg,14984637,congresswomanpingree,,
P000599,P000599,CongBillPosey,bill.posey15,UCoUwUkDpe1ZYd6tiaZfiMuA,25086658,CongressmanPosey,,
P000601,P000601,CongPalazzo,stevenpalazzo,UCtPOy2vRbN2nD8dQPSOTXeA,299883942,CongressmanPalazzo,congressmanpalazzo,
P000603,P000603,SenRandPaul,SenatorRandPaul,UCeM9I-20oWUs8daIIpsNHoQ,1298624375692894210,SenatorRandPaul,senatorrandpaul,541357095
P000604,P000604,RepDonaldPayne,DonaldPayneJr,UCTG_SeYsOgbngjv1Donyu0w,1155335864,,repdonaldpaynejr,
P000605,P000605,RepScottPerry,repscottperry,UCzgrU5PT_HHRgf5hXPen4dQ,18773159,RepScottPerry,repscottperry,519463466
P000607,P000607,RepMarkPocan,repmarkpocan,UCz5b47WER_u3dUGV_Zi70dQ,1206227149,repmarkpocan,repmarkpocan,1422301608
P000608,P000608,RepScottPeters,RepScottPeters,UCQK77QJxW7Xr-S3zqeMd-0g,1135486501,,repscottpeters,
P000609,P000609,USRepGaryPalmer,CongressmanGaryPalmer,UCYZfP-cNIvlJY3AcAc9OPpQ,2861616083,,repgarypalmer,1551536636
P000610,P000610,StaceyPlaskett,repstaceyplaskett,UC3V7biFZHDFHDFZy6cCSZUA,2724095695,,stacey_plaskett,
P000613,P000613,RepJimmyPanetta,RepJimmyPanetta,UCmw-aERG51C96edMDPN7fXQ,796736612554117120,,repjimmypanetta,
P000614,P000614,RepChrisPappas,,,1067748650485497862,,,
P000615,P000615,RepGregPence,,,1082369392229400576,,,
P000616,P000616,RepDeanPhillips,,,1061310112013434882,,,
P000617,P000617,RepPressley,,,1080584229510172678,,,
P000618,P000618,RepKatiePorter,,,1081222837459996672,,,
Q000023,Q000023,RepMikeQuigley,repmikequigley,UCDP13XegdoZ4bxYHxM34yAA,56864092,RepMikeQuigley,repmikequigley,1403659583
R000103,R000103,RepRosendale,,,1344751420139040783,,,
R000122,R000122,SenJackReed,SenJackReed,UCT_aFVtsjxPwWKfO-PW_hPw,486694111,SenatorReed,,
R000305,R000305,RepDeborahRoss,,,1348683154815655940,,,
R000395,R000395,RepHalRogers,CongressmanHalRogers,UChVFKLZkRoHQDhp4zNvEezQ,550401754,RepHalRogers,rephalrogers,
R000486,R000486,RepRoybalAllard,RepRoybalAllard,UC_T_RXWeJ-smmpjdNLOaMcg,479872233,RepRoybalAllard,RepRoybalAllard,
R000515,R000515,RepBobbyRush,congressmanbobbyrush,UCbWqxBnS_w_uFTdQAL0YH5g,305216911,CongressmanRush,,
R000575,R000575,RepMikeRogersAL,CongressmanMikeDRogers,UCH-WUWuY0_dlKwJDSqKTJsg,33977070,MikeRogersAL03,repmikerogersal,259435765
R000576,R000576,Call_Me_Dutch,DutchRupp,UCk2S9iSHNpo1E1A7qZ0SPIw,305620929,ruppersberger,dutchruppersberger,
R000577,R000577,RepTimRyan,timryan,UCjAFlYCheFKjGg_Pxc2VOFA,13491312,timryanvision,,
R000584,R000584,SenatorRisch,senatorjimrisch,UCncKW8xyT5UbPNO27YuQnBA,1096059529,SenatorJamesRisch,,
R000595,R000595,SenRubioPress,SenatorMarcoRubio,UCh8t7sV_DBKz4A-RkL9feyg,229966028,SenatorMarcoRubio,,
R000597,R000597,RepTomRice,reptomrice,UCEmPVQphMGoXAfWJli68BEw,1058345042,RepTomRice,reptomrice,
R000599,R000599,RepRaulRuizMD,CongressmanRaulRuizMD,UCSDk-cyNPCo1iy6rweSPmBw,1089859058,repraulruiz,,
R000600,R000600,RepAmata,aumuaamata,UCGdrLQbt1PYDTPsampx4t1A,3026622545,,,
R000602,R000602,RepKathleenRice,RepKathleenRice,UCLYLmjrGtzzCFXMWPBxHAug,2970462034,,,
R000603,R000603,RepDavidRouzer,RepRouzer,UCBvOxpqoGi1HlHjX9v_gHZw,834069080,,repdavidrouzer,
R000605,R000605,SenatorRounds,SenatorMikeRounds,UC-pvzimyBdpdkcIfsicrfrQ,2955485182,,,
R000606,R000606,RepRaskin,repraskin,UChxDE6vho5BfBTOqiBsDmKg,806906355214852096,,repraskin,
R000608,R000608,SenJackyRosen,RepJackyRosen,,818554054309715969,,repjackyrosen,
R000609,R000609,RepRutherfordFL,RepRutherfordFL,,828977216595849216,,,
R000610,R000610,GReschenthaler,,,4205133682,,,
R000612,R000612,RepJohnRose,,,1081312310059253763,,,
R000614,R000614,RepChipRoy,,,1082790600292925440,,,
R000615,R000615,SenatorRomney,,,1078693601356509184,,,
S000033,S000033,SenSanders,senatorsanders,UCD_DaKNac0Ta-2PeHuoQ1uA,29442313,senatorsanders,,
S000148,S000148,SenSchumer,senschumer,UC-ABttxh8uQv_10qmwGaidw,17494010,SenatorSchumer,,
S000168,S000168,RepMariaSalazar,,,1325928411689349120,,,
S000185,S000185,BobbyScott,RepBobbyScott,UCdNNcpw8arCsUp55JwK_QAA,161791703,repbobbyscott,repbobbyscott,1173348983
S000250,S000250,PeteSessions,,,24735461,,,
S000320,S000320,SenShelby,RichardShelby,UCyMzDCRZrmhr_OGDjVuAeJw,21111098,SenatorRichardShelby,,
S000344,S000344,BradSherman,63158229861,UCPisrz6-SLwVy2l9Mcy8kug,30216513,shermanca27,,
S000510,S000510,RepAdamSmith,RepAdamSmith,UCcrHso483LOfC6WwDnzAh-g,58928690,CongressmanAdamSmith,,
S000522,S000522,,RepChrisSmith,UCtCNUDo3-I1gsd_03ppDfZg,,USRepChrisSmith,,
S000770,S000770,SenStabenow,SenatorStabenow,UCFoDKCvxSwCUfDv-4Eg4K5A,76456274,senatorstabenow,,
S000929,S000929,RepSpartz,,,1344845201479663621,,,
S001135,S001135,RepSteel,,,1343740146630451200,,,
S001145,S001145,JanSchakowsky,janschakowsky,UCuCHHPSENUEaaeH8n_CYDXQ,24195214,repschakowsky,,
S001148,S001148,CongMikeSimpson,96007744606,UCNXe0rJJeULTAP_7oyQNw8g,76132891,CongMikeSimpson,,
S001150,S001150,RepAdamSchiff,RepAdamSchiff,UCadiUi-KZoFk1K5ZDsluLcA,29501253,adamschiff,RepAdamSchiff,
S001156,S001156,RepLindaSanchez,CongresswomanLindaSanchez,UCu1K6uHxjMgj2mvzM7O9-ow,312134473,LindaTSanchez,,
S001157,S001157,RepDavidScott,113303673339,UCgf28zRkLSqAUiPuJhGdF0w,168673083,RepDavidScott,RepDavidScott,
S001159,S001159,RepStricklandWA,,,1343646545955213312,,,
S001165,S001165,RepSires,81058818750,UCfdEcWPNGoIxpYoTANF4PBA,18696134,RepSiresNJ13,,
S001168,S001168,RepSarbanes,RepSarbanes,UCCypi0IDTr-XxlAXsJCdBZQ,364415553,RepJohnSarbanes,,
S001172,S001172,RepAdrianSmith,,UCIgn2z-hwxx_aeggnyhv54Q,296245061,RepAdrianSmith,RepAdrianSmith,
S001175,S001175,RepSpeier,JackieSpeier,UCevmyTb0HSO8irVaR2gYyoA,24913074,jackiespeierca12,jackiespeier,
S001176,S001176,SteveScalise,RepSteveScalise,UCmYveHBVXVBRxl7GiCL-gjw,1209417007,RepSteveScalise,stevescalise,1210937919
S001177,S001177,Kilili_Sablan,153423912663,UC-fbzxBSiC98eAE2goaANVQ,926446070812602371,CongressmanSablan,kilili_sablan,
S001180,S001180,RepSchrader,repschrader,UCrWRXVaGJtcImc_kknuDsAw,20545793,repkurtschrader,,
S001181,S001181,SenatorShaheen,SenatorShaheen,UCjLZAZMbDrybHyttdEC9LFA,109287731,senatorshaheen,senatorshaheen,
S001183,S001183,RepDavid,repdavidschweikert,UCVvuNVzkOUp7p_Pzkc6Zuvw,229197216,RepDavidSchweikert,repdavid,181147397
S001184,S001184,SenatorTimScott,SenatorTimScott,UCSfAsbG80CNInSKrtpKoL-w,217543151,SenatorTimScott,SenatorTimScott,
S001185,S001185,RepTerriSewell,RepSewell,UCHkEHtfrfUWOFtbUFQTQH7Q,381152398,RepSewell,,
S001189,S001189,AustinScottGA08,RepAustinScott,UC5M7eKHKQStktMyjieiHYZQ,234797704,RepAustinScott,,
S001190,S001190,RepSchneider,CongressmanBradSchneider,,1071840474,RepBradSchneider,repschneider,
S001191,S001191,SenatorSinema,CongresswomanSinema,UC4NzhW7D4lQdukSGWmFnK9w,1080844782,repsinema,repsinema,
S001192,S001192,RepChrisStewart,RepChrisStewart,UCKYqzTvmQVWys-WhrCkbyPw,1072008757,repchrisstewart,repChrisStewart,
S001193,S001193,RepSwalwell,CongressmanEricSwalwell,UCKvwsFNGD4sDkE_9g-2ft0w,942156122,ericswalwell,repswalwell,338799200
S001194,S001194,SenBrianSchatz,SenBrianSchatz,UC8-mSYp2WqBiB_5iwtwKfow,1262099252,senbrianschatz,,
S001195,S001195,RepJasonSmith,repjasonsmith,UCzj9-27Lr4gcqopmZAobXXg,1623308912,RepJasonSmith,,
S001196,S001196,RepStefanik,RepEliseStefanik,UCHvf42C8Vw6QnjwO2L2ukKA,2962813893,,,
S001197,S001197,SenSasse,SenatorSasse,UCYaNGwcM2Dl5yDcDqS6xV2g,2962923040,,senatorsasse,1636974433
S001198,S001198,SenDanSullivan,SenDanSullivan,UC7tXCm8gKlAhTFo2kuf5ylw,2891210047,,sen_dansullivan,1660873387
S001199,S001199,RepSmucker,RepSmucker,UCs5iMvWy-oTHyf5HuwB7FCg,41417564,,,
S001200,S001200,RepDarrenSoto,CongressmanDarrenSoto,,818713465653051392,repdarrensoto,RepDarrenSoto,
S001201,S001201,RepTomSuozzi,RepTomSuozzi,UCHjLmETJ7qXtciV7dlAzzgQ,816705409486618624,,,
S001203,S001203,SenTinaSmith,USSenTinaSmith,,941000686275387392,,,
S001204,S001204,GuamCongressman,CongressmanMichaelF.Q.SanNicolas,UCVroMJWH3jsh4shPSlp24sw,346509049,,michael.fq.san.nicolas,
S001205,S001205,RepMGS,,,1067541214671577093,,,
S001207,S001207,RepSherrill,,,1080569698536878081,,,
S001208,S001208,RepSlotkin,,,1078401427347857408,,,
S001209,S001209,RepSpanberger,,,1078771401497161728,,,
S001211,S001211,RepGregStanton,,,1080885078425784320,,,
S001212,S001212,RepPeteStauber,,,1075830599007510535,,,
S001213,S001213,RepBryanSteil,,,1075205691621720064,,,
S001214,S001214,RepGregSteube,,,1083125649609506816,,,
S001215,S001215,RepHaleyStevens,,,1076161611033968640,,,
S001216,S001216,RepKimSchrier,,,1080462532815532032,,,
S001217,S001217,SenRickScott,RickScottSenOffice,UC-Y9pFmW4PYGZHkC8lcqSkQ,131546062,,,
S001218,S001218,Rep_Stansbury,,,1404519992582942724,,,
T000165,T000165,RepTiffany,,,1267841066335682562,,,
T000193,T000193,BennieGThompson,CongressmanBennieGThompson,UCzt2pBxh0dI24kYrWretXRw,82453460,RepBennieThompson,benniegthompson,347410575
T000250,T000250,SenJohnThune,,UCRu6lpRfxhkDGUrKDgQNZYQ,296361085,johnthune,senjohnthune,
T000278,T000278,SenTuberville,,,1345739193721487362,,,
T000460,T000460,RepThompson,RepMikeThompson,UC6pGbtqHZYZmScFGSz5bbdg,303861808,CongressmanMThompson,,
T000461,T000461,SenToomey,senatortoomey,UCDUM4FFU1p-_YuHqmBglyXw,221162525,sentoomey,,
T000463,T000463,RepMikeTurner,RepMikeTurner,UC-6Ss-aZ3OPisf9GdVGtN8g,51228911,CongressmanTurner,repmiketurner,
T000464,T000464,SenatorTester,senatortester,UCgXAF-CON1coZFMxQkfj0fg,515822213,senatorjontester,,
T000467,T000467,CongressmanGT,CongressmanGT,UCNWX7lbWWvnNdzVMFI9DRiQ,18967498,CongressmanGT,congressman_gt,
T000468,T000468,RepDinaTitus,CongresswomanTitus,UC_US4jNqECuMSNrB7yVCbbw,122174004,CongresswomanTitus,dinatitusnv,1110185253
T000469,T000469,RepPaulTonko,reppaultonko,UC3P2SGFmmuCYRsjeso0hOQQ,84119348,reppaultonko,reppaultonko,
T000472,T000472,RepMarkTakano,RepMarkTakano,UCJg4F1irmSFeKoXZBaZbX2w,1037321378,RepMarkTakano,repmarktakano,
T000474,T000474,NormaJTorres,RepNormaTorres,UCvWY4qKP6--o3pIJY7hhKDg,236279233,,repnormatorres,
T000476,T000476,SenThomTillis,SenatorThomTillis,UCUD9VGV4SSGWjGdbn37Ea2w,2964174789,,senthomtillis,
T000478,T000478,RepTenney,,,797201048490430465,,,
T000479,T000479,RepVanTaylor,,,1075040139351597056,,,
T000480,T000480,RepTimmons,,,1079770852302958592,,,
T000481,T000481,RepRashida,,,1079769536730140672,,,
T000482,T000482,RepLoriTrahan,,,1079802482640019456,,,
T000483,T000483,RepDavidTrone,,,1080573351914061825,,,
T000486,T000486,RepRitchie,,,1276403757224546304,,,
U000031,U000031,RepFredUpton,RepFredUpton,UCsN16IzEo4ViZNEMgeCrQ7w,124224165,RepFredUpton,RepFredUpton,
U000040,U000040,RepUnderwood,,,1080539438508400642,,,
V000081,V000081,NydiaVelazquez,8037068318,UCqMKPkKeeHFOOiZ9vxhXGVg,164369297,nydiavelazquez,,
V000128,V000128,ChrisVanHollen,chrisvanhollen,UCkpfJWu1N9Okd6PE_NidtBQ,18137749,RepChrisVanHollen,chrisvanhollen,268595235
V000129,V000129,RepDavidValadao,,,1128514404,,,
V000130,V000130,RepJuanVargas,RepJuanVargas,UCpMthf8y7bEMJH_td0dznRQ,1260172386,RepJuanVargas,repjuanvargas,
V000131,V000131,RepVeasey,CongressmanMarcVeasey,UC2CRp1KF5uljZyhDRPR-72Q,1074129612,marcveasey,repveasey,676925345
V000133,V000133,Congressman_JVD,,,1468677099594698757,,,
V000134,V000134,RepBethVanDuyne,,,1339633259349745670,,,
W000187,W000187,RepMaxineWaters,MaxineWaters,UCOQ2js1VYFlo74n7Ns8WsLQ,36686040,MaxineWaters,repmaxinewaters,
W000437,W000437,SenatorWicker,SenatorWicker,UCIlKHiTjSkcQP_knBcXHWSg,264219447,SenatorWicker,senatorwicker,367948073
W000779,W000779,RonWyden,,UCsd3UEaoLoqX60P88BdpGGw,250188760,senronwyden,ronwyden,9443881
W000788,W000788,RepNikema,,,1345461797361504259,,,
W000790,W000790,SenatorWarnock,,,1352287997853622273,,,
W000795,W000795,RepJoeWilson,JoeWilson,UC3aR1B8m7Z1uycO65yDnpCg,254082173,RepJoeWilson,repjoewilson,519685522
W000797,W000797,RepDWStweets,RepDWS,UCfHQiJVvMlYbVAxrMSLdO4w,1140648348,RepWassermanSchultz,RepDWSTweets,
W000798,W000798,RepWalberg,RepWalberg,UChpf3_3Wn8f3qSJbsYXrhvg,237862972,RepWalberg,repwalberg,
W000800,W000800,PeterWelch,PeterWelch,UC0YfApJx6qNaAQ-ir93U8xA,1410590874,reppeterwelch,reppeterwelch,1559860900
W000802,W000802,SenWhitehouse,SenatorWhitehouse,UCnG0N70SNBkNqvIMLodPTIA,242555999,SenatorWhitehouse,SenWhitehouse,
W000804,W000804,RobWittman,RepRobWittman,UCIqIb-OaTbkIdU426eYIdPg,15356407,RobWittman,reprobwittman,
W000805,W000805,MarkWarner,MarkRWarner,UCwyivNlEGf4sGd1oDLfY5jw,7429102,SenatorMarkWarner,senatorwarner,515327940
W000806,W000806,RepWebster,RepWebster,UCCoX4VdU7U11eGEA0lbRtLw,281540744,repdanwebster,,
W000808,W000808,RepWilson,RepWilson,UCP5QBhng_lHv-vJgE_h7lpA,234014087,repfredericawilson,repwilson,
W000809,W000809,Rep_SteveWomack,RepSteveWomack,UCXJbUDLYX-wGIhRuN66hqZw,234469322,CongressmanWomack,,
W000812,W000812,RepAnnWagner,RepAnnWagner,UCy2v2DXXvQnbRc8Zx77Dnsg,1051446626,,repannwagner,
W000814,W000814,TXRandy14,TXRandy14,UCJSZRrAcd5i1bHLjR66PZdg,1058051748,TXRandy14,TXRandy14,
W000815,W000815,RepBradWenstrup,RepBradWenstrup,UCaK7SeUvmHdHTMtF3HXb-jA,518644221,repbradwenstrup,repbradwenstrup,305496379
W000816,W000816,RepRWilliams,RepRogerWilliams,UCBtfmMMQarjtLB9U_pWMOhw,1077446982,,,
W000817,W000817,SenWarren,senatorelizabethwarren,UCTH9zV8Imw09J5bOoTR18_A,970207298,senelizabethwarren,senwarren,
W000821,W000821,RepWesterman,RepWesterman,UCNshPbmupCwP5a7Hi79jETQ,2852998461,,,
W000822,W000822,RepBonnie,RepBonnie,UCrxEaX0VKZKwg3930du2D5A,2968451607,,repbonnie,
W000823,W000823,RepWaltzPress,,,1082416697380913152,,,
W000825,W000825,RepWexton,,,1017819745880543238,,,
W000826,W000826,RepSusanWild,,,1069636653353000962,,,
Y000062,Y000062,RepJohnYarmuth,214258646163,UCy5KW4yrEfEiyZRX45Eoxkg,384913290,RepJohnYarmuth,,
Y000064,Y000064,SenToddYoung,SenatorToddYoung,UCuknj4PGn91gHDNAfboZEgQ,234128524,RepToddYoung,sentoddyoung,
Z000017,Z000017,RepLeeZeldin,RepLeeZeldin,UCHzZuesCPDka2NhZO8icqzA,2750127259,,,
